Name,Image_url,Price,Description
Mauve Cotton Corduroy Baggy Shorts  ,"['//cdn.shopify.com/s/files/1/0534/2501/2925/products/mauve-cotton-corduroy-baggy-shorts-baggy-shorts-701908.jpg?v=1625990578', '//cdn.shopify.com/s/files/1/0534/2501/2925/products/mauve-cotton-corduroy-baggy-shorts-baggy-shorts-831988.jpg?v=1625990578', '//cdn.shopify.com/s/files/1/0534/2501/2925/products/mauve-cotton-corduroy-baggy-shorts-baggy-shorts-450708.jpg?v=1625990578', '//cdn.shopify.com/s/files/1/0534/2501/2925/products/mauve-cotton-corduroy-baggy-shorts-baggy-shorts-320004.jpg?v=1625990578', '//cdn.shopify.com/s/files/1/0534/2501/2925/products/mauve-cotton-corduroy-baggy-shorts-baggy-shorts-680357.jpg?v=1625990578', '//cdn.shopify.com/s/files/1/0534/2501/2925/products/mauve-cotton-corduroy-baggy-shorts-baggy-shorts-100693.jpg?v=1625990578', '//cdn.shopify.com/s/files/1/0534/2501/2925/products/mauve-cotton-corduroy-baggy-shorts-baggy-shorts-950871.jpg?v=1625990578']","₹3,200","Our artisans craft each piece, exclusively for you. Being handcrafted, every garment is unique.This product can also be worn as a maternity outfit. "
White Hand Beaded Short Cotton Shorts  ,"['//cdn.shopify.com/s/files/1/0534/2501/2925/products/white-hand-beaded-short-shorts-short-shorts-244024.jpg?v=1625990991', '//cdn.shopify.com/s/files/1/0534/2501/2925/products/white-hand-beaded-short-shorts-short-shorts-249070.jpg?v=1625990991', '//cdn.shopify.com/s/files/1/0534/2501/2925/products/white-hand-beaded-short-shorts-short-shorts-128854.jpg?v=1625990991', '//cdn.shopify.com/s/files/1/0534/2501/2925/products/white-hand-beaded-short-shorts-short-shorts-924083.jpg?v=1625990991', '//cdn.shopify.com/s/files/1/0534/2501/2925/products/white-hand-beaded-short-shorts-short-shorts-984262.jpg?v=1625990991']","₹3,020","For days as hot as the sun, our short shorts is perfect. It's a cute pair of white shorts made with breathable cotton in a relaxed silhouette with welt pockets and hand-beading done by our artisans. It keeps you feeling breezy all day, no matter where you go - the beach, brunch, or a day out. Complete the look with a tank top and sneakers.Our artisans craft each piece, exclusively for you. Being handcrafted, every garment is unique. "
Beige Dabu Print Cotton Flared Shorts  ,"['//cdn.shopify.com/s/files/1/0534/2501/2925/products/beige-dabu-print-cotton-flared-shorts-flared-shorts-193530.jpg?v=1625847290', '//cdn.shopify.com/s/files/1/0534/2501/2925/products/beige-dabu-print-cotton-flared-shorts-flared-shorts-131156.jpg?v=1625847290', '//cdn.shopify.com/s/files/1/0534/2501/2925/products/beige-dabu-print-cotton-flared-shorts-flared-shorts-240543.jpg?v=1625847290', '//cdn.shopify.com/s/files/1/0534/2501/2925/products/beige-dabu-print-cotton-flared-shorts-flared-shorts-982308.jpg?v=1625847290', '//cdn.shopify.com/s/files/1/0534/2501/2925/products/beige-dabu-print-cotton-flared-shorts-flared-shorts-140936.jpg?v=1625847290', '//cdn.shopify.com/s/files/1/0534/2501/2925/products/beige-dabu-print-cotton-flared-shorts-flared-shorts-333072.jpg?v=1625847290']","₹3,390","Heading out for brunch in the summer heat? It can't get comfier than our flared shorts. Fully elasticated at the waist for ease of wearing, it is natural-dyed using the hand-lep Dabu technique, which makes it skin-friendly. Complete with spacious slash pockets for all your stuff, pair it up with a white camisole and slide sandals to let your skin breathe.Our artisans craft each piece, exclusively for you. Being handcrafted, every garment is unique. "
Brick Red Block Print Floral Hot Pants  ,"['//cdn.shopify.com/s/files/1/0534/2501/2925/products/brick-red-mid-rise-hot-pants-hot-pants-shorts-329598.jpg?v=1626171553', '//cdn.shopify.com/s/files/1/0534/2501/2925/products/brick-red-mid-rise-hot-pants-hot-pants-shorts-731406.jpg?v=1626171553', '//cdn.shopify.com/s/files/1/0534/2501/2925/products/brick-red-mid-rise-hot-pants-hot-pants-shorts-145244.jpg?v=1626171553', '//cdn.shopify.com/s/files/1/0534/2501/2925/products/brick-red-mid-rise-hot-pants-hot-pants-shorts-287497.jpg?v=1626171553', '//cdn.shopify.com/s/files/1/0534/2501/2925/products/brick-red-mid-rise-hot-pants-hot-pants-shorts-203071.jpg?v=1626171553']","₹2,760","When summer gets too hot to bear, compete it with your hot pants. It has soft cotton fabric, relaxed fit, and inseam pockets to keep you snug. Get out in the sun any day or to a brunch wearing these hot pants with a black top.Our artisans craft each piece, exclusively for you. Being handcrafted, every garment is unique. "
Violet Striped Mangalgiri Cotton Shorts  ,"['//cdn.shopify.com/s/files/1/0534/2501/2925/products/violet-mangalgiri-cotton-short-shorts-short-shorts-603837.jpg?v=1625991042', '//cdn.shopify.com/s/files/1/0534/2501/2925/products/violet-mangalgiri-cotton-short-shorts-short-shorts-544081.jpg?v=1625991042', '//cdn.shopify.com/s/files/1/0534/2501/2925/products/violet-mangalgiri-cotton-short-shorts-short-shorts-111444.jpg?v=1625991042', '//cdn.shopify.com/s/files/1/0534/2501/2925/products/violet-mangalgiri-cotton-short-shorts-short-shorts-273810.jpg?v=1625991042', '//cdn.shopify.com/s/files/1/0534/2501/2925/products/violet-mangalgiri-cotton-short-shorts-short-shorts-948141.jpg?v=1625991042']","₹3,440","Airy and soft, these Mangalgiri cotton shorts are sure to become your favorite this summer. With slash pockets to slide in your essentials, these short shorts feature a half elasticated waist for a comfortable fit. Strike a pose at the beach in these shorts styles with a midriff top and flip-flops.Our artisans craft each piece, exclusively for you. Being handcrafted, every garment is unique. "
Khaki Vegetable Dyed Handspun Short Shorts  ,"['//cdn.shopify.com/s/files/1/0534/2501/2925/products/khakhi-vegetable-dyed-handspun-short-shorts-short-shorts-683178.jpg?v=1626083172', '//cdn.shopify.com/s/files/1/0534/2501/2925/products/khakhi-vegetable-dyed-handspun-short-shorts-short-shorts-974820.jpg?v=1626083172', '//cdn.shopify.com/s/files/1/0534/2501/2925/products/khakhi-vegetable-dyed-handspun-short-shorts-short-shorts-725976.jpg?v=1626083172', '//cdn.shopify.com/s/files/1/0534/2501/2925/products/khakhi-vegetable-dyed-handspun-short-shorts-short-shorts-401467.jpg?v=1626083172', '//cdn.shopify.com/s/files/1/0534/2501/2925/products/khakhi-vegetable-dyed-handspun-short-shorts-short-shorts-346326.jpg?v=1626083172']","₹4,670","For days as hot as the sun, our short shorts are perfect. It's a cute pair of violet shorts made from Mangalgiri cotton, in a relaxed silhouette with patch pockets. It features a fully elasticated waist with an attached belt for a snug fit. These shorts keep you feeling breezy all day, no matter where you go - the beach, brunch, or a day out. Complete the look with an ecru flared camisole and slide sandals.Our artisans craft each piece, exclusively for you. Being handcrafted, every garment is unique. "
Purple Flannel Convertible Pant Shorts  ,"['//cdn.shopify.com/s/files/1/0534/2501/2925/products/WSRT48AShot1.jpg?v=1642053487', '//cdn.shopify.com/s/files/1/0534/2501/2925/products/WSRT48AShot2.jpg?v=1642053487', '//cdn.shopify.com/s/files/1/0534/2501/2925/products/6L3A6320.jpg?v=1642053487', '//cdn.shopify.com/s/files/1/0534/2501/2925/products/6L3A6279.jpg?v=1642053487', '//cdn.shopify.com/s/files/1/0534/2501/2925/products/6L3A6310.jpg?v=1642053487', '//cdn.shopify.com/s/files/1/0534/2501/2925/products/6L3A6297.jpg?v=1642053487', '//cdn.shopify.com/s/files/1/0534/2501/2925/products/6L3A6321.jpg?v=1642053487', '//cdn.shopify.com/s/files/1/0534/2501/2925/products/6L3A6303.jpg?v=1642053487', '//cdn.shopify.com/s/files/1/0534/2501/2925/products/6L3A6323.jpg?v=1642053487', '//cdn.shopify.com/s/files/1/0534/2501/2925/products/6L3A6281---crop-for-pant.jpg?v=1642053487', '//cdn.shopify.com/s/files/1/0534/2501/2925/products/6L3A6300.jpg?v=1642053487', '//cdn.shopify.com/s/files/1/0534/2501/2925/products/6L3A6322.jpg?v=1642053487', '//cdn.shopify.com/s/files/1/0534/2501/2925/products/6L3A6302.jpg?v=1642053479']","₹4,630","Our artisans craft each piece, exclusively for you. Being handcrafted, every garment is unique. We have an array of size and style options in shorts. We offer tall women's shorts and women's petite shorts. Scroll through our range of best plus size shorts."
Black Elasticated Short Cotton Boxers  ,"['//cdn.shopify.com/s/files/1/0534/2501/2925/products/black-elasticated-short-boxers-short-shorts-591242.jpg?v=1625848026', '//cdn.shopify.com/s/files/1/0534/2501/2925/products/black-elasticated-short-boxers-short-shorts-815542.jpg?v=1625848026', '//cdn.shopify.com/s/files/1/0534/2501/2925/products/black-elasticated-short-boxers-short-shorts-596026.jpg?v=1625848026', '//cdn.shopify.com/s/files/1/0534/2501/2925/products/black-elasticated-short-boxers-short-shorts-468377.jpg?v=1625848026', '//cdn.shopify.com/s/files/1/0534/2501/2925/products/black-elasticated-short-boxers-short-shorts-922827.jpg?v=1625848026']","₹2,140","A pair of short black boxers made of breathable cotton, printed in geometric Bagru print, and has pockets. What is more snug and cute? Pair it with a black top, and head out for a run on the beach!Our artisans craft each piece, exclusively for you. Being handcrafted, every garment is unique. "
Melon Orange Handspun Mirror Work Shorts  ,"['//cdn.shopify.com/s/files/1/0534/2501/2925/products/melon-orange-handspun-mirror-work-shorts-straight-shorts-828968.jpg?v=1626279953', '//cdn.shopify.com/s/files/1/0534/2501/2925/products/melon-orange-handspun-mirror-work-shorts-straight-shorts-593333.jpg?v=1626279953', '//cdn.shopify.com/s/files/1/0534/2501/2925/products/melon-orange-handspun-mirror-work-shorts-straight-shorts-712699.jpg?v=1626279953', '//cdn.shopify.com/s/files/1/0534/2501/2925/products/melon-orange-handspun-mirror-work-shorts-straight-shorts-402935.jpg?v=1626279953']","₹2,610","Our artisans craft each piece, exclusively for you. Being handcrafted, every garment is unique. We have an array of size and style options in shorts. We offer tall women's shorts and women's petite shorts. Scroll through our range of best plus size shorts."
Cotton Grey Striped Paperbag Shorts  ,"['//cdn.shopify.com/s/files/1/0534/2501/2925/products/cotton-grey-striped-paperbag-shorts-paperbag-shorts-213255.jpg?v=1625849646', '//cdn.shopify.com/s/files/1/0534/2501/2925/products/cotton-grey-striped-paperbag-shorts-paperbag-shorts-183865.jpg?v=1625849646', '//cdn.shopify.com/s/files/1/0534/2501/2925/products/cotton-grey-striped-paperbag-shorts-paperbag-shorts-875873.jpg?v=1625849646', '//cdn.shopify.com/s/files/1/0534/2501/2925/products/cotton-grey-striped-paperbag-shorts-paperbag-shorts-688935.jpg?v=1625849646', '//cdn.shopify.com/s/files/1/0534/2501/2925/products/cotton-grey-striped-paperbag-shorts-paperbag-shorts-646168.jpg?v=1625849646', '//cdn.shopify.com/s/files/1/0534/2501/2925/products/cotton-grey-striped-paperbag-shorts-paperbag-shorts-981638.jpg?v=1625849646']","₹3,550","Our artisans craft each piece, exclusively for you. Being handcrafted, every garment is unique. We have an array of size and style options in shorts. We offer tall women's shorts and women's petite shorts. Scroll through our range of best plus size shorts."
Handspun Brown Flared Shorts  ,"['//cdn.shopify.com/s/files/1/0534/2501/2925/products/handspun-brown-flared-shorts-flared-shorts-171324.jpg?v=1626080841', '//cdn.shopify.com/s/files/1/0534/2501/2925/products/handspun-brown-flared-shorts-flared-shorts-875565.jpg?v=1626080841', '//cdn.shopify.com/s/files/1/0534/2501/2925/products/handspun-brown-flared-shorts-flared-shorts-517788.jpg?v=1626080841', '//cdn.shopify.com/s/files/1/0534/2501/2925/products/handspun-brown-flared-shorts-flared-shorts-183739.jpg?v=1626080841', '//cdn.shopify.com/s/files/1/0534/2501/2925/products/handspun-brown-flared-shorts-flared-shorts-563954.jpg?v=1626080841', '//cdn.shopify.com/s/files/1/0534/2501/2925/products/handspun-brown-flared-shorts-flared-shorts-643506.jpg?v=1626080841']","₹3,720","Our artisans craft each piece, exclusively for you. Being handcrafted, every garment is unique. We have an array of size and style options in shorts. We offer tall women's shorts and women's petite shorts. Scroll through our range of best plus size shorts."
Indigo Cotton Denim Paneled Shorts  ,"['//cdn.shopify.com/s/files/1/0534/2501/2925/products/indigo-cotton-denim-paneled-shorts-paneled-shorts-298788.jpg?v=1611240888', '//cdn.shopify.com/s/files/1/0534/2501/2925/products/indigo-cotton-denim-paneled-shorts-paneled-shorts-618394.jpg?v=1611240888', '//cdn.shopify.com/s/files/1/0534/2501/2925/products/indigo-cotton-denim-paneled-shorts-paneled-shorts-946396.jpg?v=1611240888', '//cdn.shopify.com/s/files/1/0534/2501/2925/products/indigo-cotton-denim-paneled-shorts-paneled-shorts-884463.jpg?v=1611240888', '//cdn.shopify.com/s/files/1/0534/2501/2925/products/indigo-cotton-denim-paneled-shorts-paneled-shorts-926446.jpg?v=1611240888', '//cdn.shopify.com/s/files/1/0534/2501/2925/products/indigo-cotton-denim-paneled-shorts-paneled-shorts-272301.jpg?v=1611240888']","₹3,400","Our artisans craft each piece, exclusively for you. Being handcrafted, every garment is unique. We have an array of size and style options in shorts. We offer tall women's shorts and women's petite shorts. Scroll through our range of best plus size shorts."
Vegetable Dyed Off-White Paneled Shorts  ,"['//cdn.shopify.com/s/files/1/0534/2501/2925/products/vegetable-dyed-off-white-paneled-shorts-paneled-shorts-120047.jpg?v=1626283687', '//cdn.shopify.com/s/files/1/0534/2501/2925/products/vegetable-dyed-off-white-paneled-shorts-paneled-shorts-297253.jpg?v=1626283687', '//cdn.shopify.com/s/files/1/0534/2501/2925/products/vegetable-dyed-off-white-paneled-shorts-paneled-shorts-278679.jpg?v=1626283687', '//cdn.shopify.com/s/files/1/0534/2501/2925/products/vegetable-dyed-off-white-paneled-shorts-paneled-shorts-215418.jpg?v=1626283687', '//cdn.shopify.com/s/files/1/0534/2501/2925/products/vegetable-dyed-off-white-paneled-shorts-paneled-shorts-377677.jpg?v=1626283687']","₹3,940","Perfect for anyone who loves a blend of checks and stripes. These pocket-friendly paneled shorts come with slash pockets to rest your hands (and your stuff!). The fully elasticated waist makes it easy to wear, while the vegetable dyed 100% cotton ensures it's skin-friendliness. Style it with your favorite white spaghetti top and slide sandals for a perfect brunch by the sea.Our artisans craft each piece, exclusively for you. Being handcrafted, every garment is unique. "
Yellow Vegetable Dyed Handspun Short Shorts  ,"['//cdn.shopify.com/s/files/1/0534/2501/2925/products/yellow-vegetable-dyed-handspun-short-shorts-short-shorts-468816.jpg?v=1626371454', '//cdn.shopify.com/s/files/1/0534/2501/2925/products/yellow-vegetable-dyed-handspun-short-shorts-short-shorts-547087.jpg?v=1626371454', '//cdn.shopify.com/s/files/1/0534/2501/2925/products/yellow-vegetable-dyed-handspun-short-shorts-short-shorts-953130.jpg?v=1626371454', '//cdn.shopify.com/s/files/1/0534/2501/2925/products/yellow-vegetable-dyed-handspun-short-shorts-short-shorts-574804.jpg?v=1626371454', '//cdn.shopify.com/s/files/1/0534/2501/2925/products/yellow-vegetable-dyed-handspun-short-shorts-short-shorts-189483.jpg?v=1626371454', '//cdn.shopify.com/s/files/1/0534/2501/2925/products/yellow-vegetable-dyed-handspun-short-shorts-short-shorts-836240.jpg?v=1626371454']","₹4,660","Our artisans craft each piece, exclusively for you. Being handcrafted, every garment is unique. We have an array of size and style options in shorts. We offer tall women's shorts and women's petite shorts. Scroll through our range of best plus size shorts."
Teal Solid Cotton Short Shorts  ,"['//cdn.shopify.com/s/files/1/0534/2501/2925/products/JNPR3321new.jpg?v=1640845263', '//cdn.shopify.com/s/files/1/0534/2501/2925/products/JNPR3324.jpg?v=1640845263', '//cdn.shopify.com/s/files/1/0534/2501/2925/products/JNPR3340aa.jpg?v=1640845263', '//cdn.shopify.com/s/files/1/0534/2501/2925/products/JNPR3327.jpg?v=1640845258', '//cdn.shopify.com/s/files/1/0534/2501/2925/products/JNPR3336.jpg?v=1640845258']","₹2,460","Our artisans craft each piece, exclusively for you. Being handcrafted, every garment is unique. We have an array of size and style options in shorts. We offer tall women's shorts and women's petite shorts. Scroll through our range of best plus size shorts."
Floral Block Print Comfort Fit Shorts  ,"['//cdn.shopify.com/s/files/1/0534/2501/2925/products/floral-bagru-printed-short-shorts-short-shorts-756458.jpg?v=1625850454', '//cdn.shopify.com/s/files/1/0534/2501/2925/products/floral-bagru-printed-short-shorts-short-shorts-835454.jpg?v=1625850454', '//cdn.shopify.com/s/files/1/0534/2501/2925/products/floral-bagru-printed-short-shorts-short-shorts-894813.jpg?v=1625850454', '//cdn.shopify.com/s/files/1/0534/2501/2925/products/floral-bagru-printed-short-shorts-short-shorts-799069.jpg?v=1625850454', '//cdn.shopify.com/s/files/1/0534/2501/2925/products/floral-bagru-printed-short-shorts-short-shorts-609254.jpg?v=1625850454']","₹2,670","When summer gets too hot to bear, get your short shorts on. It has soft cotton fabric, relaxed fit, and patch pockets to keep you snug. Get out in the sun any day or to a brunch wearing these short shorts with a mustard crop top.Our artisans craft each piece, exclusively for you. Being handcrafted, every garment is unique. "
Powder Blue Checkered Handspun Shorts  ,"['//cdn.shopify.com/s/files/1/0534/2501/2925/products/powder-blue-checkered-handspun-shorts-straight-shorts-428206.jpg?v=1625992472', '//cdn.shopify.com/s/files/1/0534/2501/2925/products/powder-blue-checkered-handspun-shorts-straight-shorts-240981.jpg?v=1625992472', '//cdn.shopify.com/s/files/1/0534/2501/2925/products/powder-blue-checkered-handspun-shorts-straight-shorts-686367.jpg?v=1625992472', '//cdn.shopify.com/s/files/1/0534/2501/2925/products/powder-blue-checkered-handspun-shorts-straight-shorts-530598.jpg?v=1625992472', '//cdn.shopify.com/s/files/1/0534/2501/2925/products/powder-blue-checkered-handspun-shorts-straight-shorts-109983.jpg?v=1625992472', '//cdn.shopify.com/s/files/1/0534/2501/2925/products/powder-blue-checkered-handspun-shorts-straight-shorts-523607.jpg?v=1625992472']","₹4,840","Take comfort in a classic with our checkered 100% Cotton Muslin Shorts. It features a half-elasticated waist with an attached belt for a secure grip. The shorts come with a tie-up at the front and 2 Slash Pockets for essentials.
Pair it with an off white shirt and flip-ons for a fresh look.Our artisans craft each piece, exclusively for you. Being handcrafted, every garment is unique. "
Kashish Dabu Print High-Rise Comfort Fit Shorts  ,"['//cdn.shopify.com/s/files/1/0534/2501/2925/products/kashish-dabu-print-high-rise-comfort-fit-shorts-short-shorts-688473.jpg?v=1626279264', '//cdn.shopify.com/s/files/1/0534/2501/2925/products/kashish-dabu-print-high-rise-comfort-fit-shorts-short-shorts-949083.jpg?v=1626279264', '//cdn.shopify.com/s/files/1/0534/2501/2925/products/kashish-dabu-print-high-rise-comfort-fit-shorts-short-shorts-614146.jpg?v=1626279264', '//cdn.shopify.com/s/files/1/0534/2501/2925/products/kashish-dabu-print-high-rise-comfort-fit-shorts-short-shorts-154987.jpg?v=1626279264', '//cdn.shopify.com/s/files/1/0534/2501/2925/products/kashish-dabu-print-high-rise-comfort-fit-shorts-short-shorts-547297.jpg?v=1626279264']","₹2,800","Our artisans craft each piece, exclusively for you. Being handcrafted, every garment is unique. We have an array of size and style options in shorts. We offer tall women's shorts and women's petite shorts. Scroll through our range of best plus size shorts."
Blue Vegetable Dyed Straight Fit Shorts  ,"['//cdn.shopify.com/s/files/1/0534/2501/2925/products/blue-vegetable-dyed-straight-fit-shorts-straight-shorts-966099.jpg?v=1625850728', '//cdn.shopify.com/s/files/1/0534/2501/2925/products/blue-vegetable-dyed-straight-fit-shorts-straight-shorts-990368.jpg?v=1625850728', '//cdn.shopify.com/s/files/1/0534/2501/2925/products/blue-vegetable-dyed-straight-fit-shorts-straight-shorts-233822.jpg?v=1625850728', '//cdn.shopify.com/s/files/1/0534/2501/2925/products/blue-vegetable-dyed-straight-fit-shorts-straight-shorts-658341.jpg?v=1625850728', '//cdn.shopify.com/s/files/1/0534/2501/2925/products/blue-vegetable-dyed-straight-fit-shorts-straight-shorts-695362.jpg?v=1625850728']","₹4,020","Looking for shorts that you can wear to a beach and lounge in too? Our vegetable-dyed straight fit shorts are what you need. With a banded waist and knife pleats for a contemporary silhouette, these come complete with inseam pockets to carry your stuff. Style these shorts with a white crop top and slide sandals for a relaxed day by the waves.Our artisans craft each piece, exclusively for you. Being handcrafted, every garment is unique. "
Block Printed Striped Boxer Shorts  ,"['//cdn.shopify.com/s/files/1/0534/2501/2925/products/elastic-waist-striped-short-shorts-short-short-632362.jpg?v=1626188018', '//cdn.shopify.com/s/files/1/0534/2501/2925/products/elastic-waist-striped-short-shorts-short-short-516623.jpg?v=1626188018', '//cdn.shopify.com/s/files/1/0534/2501/2925/products/elastic-waist-striped-short-shorts-short-short-782747.jpg?v=1626188018', '//cdn.shopify.com/s/files/1/0534/2501/2925/products/elastic-waist-striped-short-shorts-short-short-582223.jpg?v=1626188018', '//cdn.shopify.com/s/files/1/0534/2501/2925/products/elastic-waist-striped-short-shorts-short-short-964367.jpg?v=1626188018']","₹3,690","You haven't felt comfortable until you've put on these short boxer shorts. Breezy cotton cambric fabric, a loose fit, and inseam pockets - it doesn't get any comfier. The handcrafted tasseled drawstrings make it prettier to hang around in it all day paired with a blue crop top!Our artisans craft each piece, exclusively for you. Being handcrafted, every garment is unique. "
Bottle Green Handspun Cotton Short Shorts  ,"['//cdn.shopify.com/s/files/1/0534/2501/2925/products/6L3A1635copy.jpg?v=1638421904', '//cdn.shopify.com/s/files/1/0534/2501/2925/products/6L3A1638copy.jpg?v=1638421904', '//cdn.shopify.com/s/files/1/0534/2501/2925/products/6L3A1630copy.jpg?v=1638421904', '//cdn.shopify.com/s/files/1/0534/2501/2925/products/6L3A1632copy.jpg?v=1638421904', '//cdn.shopify.com/s/files/1/0534/2501/2925/products/6L3A1637copy.jpg?v=1638421904', '//cdn.shopify.com/s/files/1/0534/2501/2925/products/6L3A1641copy.jpg?v=1638421895']","₹4,330","Get your chic vibe on with our short shorts. Made from 100% cotton, these mid-rise shorts come with 2 patch pockets and 2 slash pockets for all your treasures. Style these with a tube top and slide sandals for an easy and comfy lounge attire.Our artisans craft each piece, exclusively for you. Being handcrafted, every garment is unique. "
Cotton Beige Striped Paperbag Shorts  ,"['//cdn.shopify.com/s/files/1/0534/2501/2925/products/cotton-beige-striped-paperbag-shorts-paperbag-shorts-846996.jpg?v=1625992611', '//cdn.shopify.com/s/files/1/0534/2501/2925/products/cotton-beige-striped-paperbag-shorts-paperbag-shorts-553172.jpg?v=1625992611', '//cdn.shopify.com/s/files/1/0534/2501/2925/products/cotton-beige-striped-paperbag-shorts-paperbag-shorts-112570.jpg?v=1625992611', '//cdn.shopify.com/s/files/1/0534/2501/2925/products/cotton-beige-striped-paperbag-shorts-paperbag-shorts-910890.jpg?v=1625992611', '//cdn.shopify.com/s/files/1/0534/2501/2925/products/cotton-beige-striped-paperbag-shorts-paperbag-shorts-249864.jpg?v=1625992611', '//cdn.shopify.com/s/files/1/0534/2501/2925/products/cotton-beige-striped-paperbag-shorts-paperbag-shorts-364694.jpg?v=1625992611']","₹3,550","Our artisans craft each piece, exclusively for you. Being handcrafted, every garment is unique. We have an array of size and style options in shorts. We offer tall women's shorts and women's petite shorts. Scroll through our range of best plus size shorts."
Dusk Beige Cotton Corduroy Baggy Shorts  ,"['//cdn.shopify.com/s/files/1/0534/2501/2925/products/dusk-beige-cotton-corduroy-baggy-shorts-baggy-shorts-226961.jpg?v=1625992953', '//cdn.shopify.com/s/files/1/0534/2501/2925/products/dusk-beige-cotton-corduroy-baggy-shorts-baggy-shorts-687982.jpg?v=1625992953', '//cdn.shopify.com/s/files/1/0534/2501/2925/products/dusk-beige-cotton-corduroy-baggy-shorts-baggy-shorts-996234.jpg?v=1625992953', '//cdn.shopify.com/s/files/1/0534/2501/2925/products/dusk-beige-cotton-corduroy-baggy-shorts-baggy-shorts-623110.jpg?v=1625992953', '//cdn.shopify.com/s/files/1/0534/2501/2925/products/dusk-beige-cotton-corduroy-baggy-shorts-baggy-shorts-204099.jpg?v=1625992953', '//cdn.shopify.com/s/files/1/0534/2501/2925/products/dusk-beige-cotton-corduroy-baggy-shorts-baggy-shorts-282944.jpg?v=1625992953', '//cdn.shopify.com/s/files/1/0534/2501/2925/products/dusk-beige-cotton-corduroy-baggy-shorts-baggy-shorts-419602.jpg?v=1625992953']","₹3,200","Our artisans craft each piece, exclusively for you. Being handcrafted, every garment is unique.This product can also be worn as a maternity outfit. "
Bagru Block Print Mustard Straight Shorts  ,"['//cdn.shopify.com/s/files/1/0534/2501/2925/products/mustard-paisley-straight-short-shorts-short-shorts-542898.jpg?v=1625993460', '//cdn.shopify.com/s/files/1/0534/2501/2925/products/mustard-paisley-straight-short-shorts-short-shorts-439136.jpg?v=1625993460', '//cdn.shopify.com/s/files/1/0534/2501/2925/products/mustard-paisley-straight-short-shorts-short-shorts-882396.jpg?v=1625993460', '//cdn.shopify.com/s/files/1/0534/2501/2925/products/mustard-paisley-straight-short-shorts-short-shorts-516913.jpg?v=1625993460', '//cdn.shopify.com/s/files/1/0534/2501/2925/products/mustard-paisley-straight-short-shorts-short-shorts-362635.jpg?v=1625993460']","₹3,540","A short shorts makes for a perfect wardrobe pick to deal with hot summer days. What makes them even better is a comfy straight fit and functional pockets. Pull on a white tee, and take it everywhere with you - casual day-out, beach, or a brunch.Our artisans craft each piece, exclusively for you. Being handcrafted, every garment is unique. "
Brick Red Cotton Straight Shorts  ,"['//cdn.shopify.com/s/files/1/0534/2501/2925/products/brick-red-mid-rise-straight-shorts-straight-fit-shorts-981452.jpg?v=1625849079', '//cdn.shopify.com/s/files/1/0534/2501/2925/products/brick-red-mid-rise-straight-shorts-straight-fit-shorts-804680.jpg?v=1625849079', '//cdn.shopify.com/s/files/1/0534/2501/2925/products/brick-red-mid-rise-straight-shorts-straight-fit-shorts-674000.jpg?v=1625849079', '//cdn.shopify.com/s/files/1/0534/2501/2925/products/brick-red-mid-rise-straight-shorts-straight-fit-shorts-133586.jpg?v=1625849079', '//cdn.shopify.com/s/files/1/0534/2501/2925/products/brick-red-mid-rise-straight-shorts-straight-fit-shorts-492663.jpg?v=1625849079']","₹1,880","Beat the heat with our brick red straight-fit shorts, made from breathable cotton. It sits pretty on your waist with a mid-rise style and looks good with a crop top and sneakers. Take it with you wherever you go, a casual outing or a brunch with friends.Our artisans craft each piece, exclusively for you. Being handcrafted, every garment is unique. "
Indigo Dabu Print High Rise Comfort Fit Shorts  ,"['//cdn.shopify.com/s/files/1/0534/2501/2925/products/IMG_0958_d4a508f7-cc33-467e-aed6-bebbc60246d8.jpg?v=1638422191', '//cdn.shopify.com/s/files/1/0534/2501/2925/products/IMG_0963_6496a8f4-25a9-4a94-aa6d-bbe7c095653f.jpg?v=1638422191', '//cdn.shopify.com/s/files/1/0534/2501/2925/products/IMG_0956_9f1a743e-afc5-4c25-a6fc-db4f785a88ed.jpg?v=1638422191', '//cdn.shopify.com/s/files/1/0534/2501/2925/products/IMG_0957_70cb5374-93f5-48a9-87aa-a2f6430ddd63.jpg?v=1638422191', '//cdn.shopify.com/s/files/1/0534/2501/2925/products/IMG_0961_c1aa365d-6d11-4b2f-a248-83e4d989a745.jpg?v=1638422191']","₹2,800","Let your body feel the breeze in this sea-like indigo short shorts. It is hand-block printed using Dabu technique on a straight silhouette made from breathable cotton. Pair it with a crop top and flip-flops, and you're good from brunch to an evening outing.Our artisans craft each piece, exclusively for you. Being handcrafted, every garment is unique. "
Block Printed Mid-Rise Elasticated Shorts  ,"['//cdn.shopify.com/s/files/1/0534/2501/2925/products/straight-fit-belted-short-shorts-short-short-889155.jpg?v=1625849414', '//cdn.shopify.com/s/files/1/0534/2501/2925/products/straight-fit-belted-short-shorts-short-short-182816.jpg?v=1625849414', '//cdn.shopify.com/s/files/1/0534/2501/2925/products/straight-fit-belted-short-shorts-short-short-196280.jpg?v=1625849414', '//cdn.shopify.com/s/files/1/0534/2501/2925/products/straight-fit-belted-short-shorts-short-short-815533.jpg?v=1625849414', '//cdn.shopify.com/s/files/1/0534/2501/2925/products/straight-fit-belted-short-shorts-short-short-987011.jpg?v=1625849414']","₹3,690","These mid-rise short shorts are a skirt in disguise. A straight fit, inseam pockets, elasticated back, and room to bare your legs, they're comfy and breezy. A belt at the waist and Sanganeri block print just make these prettier. Pair them with a green or peach camisole top, and you're sure to look your best this summer!Our artisans craft each piece, exclusively for you. Being handcrafted, every garment is unique. "
Sky Blue Crinkled Cotton Short Shorts  ,"['//cdn.shopify.com/s/files/1/0534/2501/2925/products/sky-blue-crinkled-cotton-short-shorts-short-shorts-561579.jpg?v=1625850697', '//cdn.shopify.com/s/files/1/0534/2501/2925/products/sky-blue-crinkled-cotton-short-shorts-short-shorts-462658.jpg?v=1625850697', '//cdn.shopify.com/s/files/1/0534/2501/2925/products/sky-blue-crinkled-cotton-short-shorts-short-shorts-521363.jpg?v=1625850698', '//cdn.shopify.com/s/files/1/0534/2501/2925/products/sky-blue-crinkled-cotton-short-shorts-short-shorts-106361.jpg?v=1625850697', '//cdn.shopify.com/s/files/1/0534/2501/2925/products/sky-blue-crinkled-cotton-short-shorts-short-shorts-284311.jpg?v=1625850697', '//cdn.shopify.com/s/files/1/0534/2501/2925/products/sky-blue-crinkled-cotton-short-shorts-short-shorts-262102.jpg?v=1625850697', '//cdn.shopify.com/s/files/1/0534/2501/2925/products/sky-blue-crinkled-cotton-short-shorts-short-shorts-656328.jpg?v=1625850698']","₹3,520","Take a break from your busy life, and relax in our cool and breezy short shorts. Made from yarn-dyed 100% crinkled cotton, it features half elasticated waist for ease of wear, and inseam pockets for added functionality. Take it out on a sunny day styled with a white camisole and slide sandals for a walk along the beach.Our artisans craft each piece, exclusively for you. Being handcrafted, every garment is unique. "
Powder Pink Vegetable Dyed Handspun Short Shorts  ,"['//cdn.shopify.com/s/files/1/0534/2501/2925/products/powder-pink-vegetable-dyed-handspun-short-shorts-short-shorts-982182.jpg?v=1626282323', '//cdn.shopify.com/s/files/1/0534/2501/2925/products/powder-pink-vegetable-dyed-handspun-short-shorts-short-shorts-227718.jpg?v=1626282323', '//cdn.shopify.com/s/files/1/0534/2501/2925/products/powder-pink-vegetable-dyed-handspun-short-shorts-short-shorts-969847.jpg?v=1626282323', '//cdn.shopify.com/s/files/1/0534/2501/2925/products/powder-pink-vegetable-dyed-handspun-short-shorts-short-shorts-993785.jpg?v=1626282323', '//cdn.shopify.com/s/files/1/0534/2501/2925/products/powder-pink-vegetable-dyed-handspun-short-shorts-short-shorts-551003.jpg?v=1626282323', '//cdn.shopify.com/s/files/1/0534/2501/2925/products/powder-pink-vegetable-dyed-handspun-short-shorts-short-shorts-728897.jpg?v=1626282323']","₹4,660","Our artisans craft each piece, exclusively for you. Being handcrafted, every garment is unique. We have an array of size and style options in shorts. We offer tall women's shorts and women's petite shorts. Scroll through our range of best plus size shorts."
Natural Dyed Mid Rise Dabu Printed Shorts  ,"['//cdn.shopify.com/s/files/1/0534/2501/2925/products/dabu-indigo-short-shorts-short-shorts-668532.jpg?v=1626084919', '//cdn.shopify.com/s/files/1/0534/2501/2925/products/dabu-indigo-short-shorts-short-shorts-799415.jpg?v=1626084919', '//cdn.shopify.com/s/files/1/0534/2501/2925/products/dabu-indigo-short-shorts-short-shorts-918230.jpg?v=1626084919', '//cdn.shopify.com/s/files/1/0534/2501/2925/products/dabu-indigo-short-shorts-short-shorts-237455.jpg?v=1626084919', '//cdn.shopify.com/s/files/1/0534/2501/2925/products/dabu-indigo-short-shorts-short-shorts-266670.jpg?v=1626084919']","₹2,820","Making up for a summer wardrobe essential, this Indigo floral short shorts is a cute thing to take out for a brunch or a casual day-out. It even has patch pockets to keep your hands free for a chilled cola. Pair it with a crop top and slip-on shoes.
Our artisans craft each piece, exclusively for you. Being handcrafted, every garment is unique. "
Ash Grey Flannel Convertible Pant Shorts  ,"['//cdn.shopify.com/s/files/1/0534/2501/2925/products/ash-grey-flannel-convertible-pant-shorts-pant-shorts-753382.jpg?v=1630140008', '//cdn.shopify.com/s/files/1/0534/2501/2925/products/ash-grey-flannel-convertible-pant-shorts-pant-shorts-251847.jpg?v=1611242357', '//cdn.shopify.com/s/files/1/0534/2501/2925/products/ash-grey-flannel-convertible-pant-shorts-pant-shorts-143366.jpg?v=1611242357', '//cdn.shopify.com/s/files/1/0534/2501/2925/products/ash-grey-flannel-convertible-pant-shorts-pant-shorts-352315.jpg?v=1611242358', '//cdn.shopify.com/s/files/1/0534/2501/2925/products/ash-grey-flannel-convertible-pant-shorts-pant-shorts-380806.jpg?v=1611242358', '//cdn.shopify.com/s/files/1/0534/2501/2925/products/ash-grey-flannel-convertible-pant-shorts-pant-shorts-199819.jpg?v=1611242358', '//cdn.shopify.com/s/files/1/0534/2501/2925/products/ash-grey-flannel-convertible-pant-shorts-pant-shorts-281145.jpg?v=1611242358', '//cdn.shopify.com/s/files/1/0534/2501/2925/products/ash-grey-flannel-convertible-pant-shorts-pant-shorts-784625.jpg?v=1611242358', '//cdn.shopify.com/s/files/1/0534/2501/2925/products/ash-grey-flannel-convertible-pant-shorts-pant-shorts-184982.jpg?v=1611242358', '//cdn.shopify.com/s/files/1/0534/2501/2925/products/ash-grey-flannel-convertible-pant-shorts-pant-shorts-401506.jpg?v=1611242358', '//cdn.shopify.com/s/files/1/0534/2501/2925/products/ash-grey-flannel-convertible-pant-shorts-pant-shorts-278156.jpg?v=1611242358', '//cdn.shopify.com/s/files/1/0534/2501/2925/products/ash-grey-flannel-convertible-pant-shorts-pant-shorts-497811.jpg?v=1611242358', '//cdn.shopify.com/s/files/1/0534/2501/2925/products/ash-grey-flannel-convertible-pant-shorts-pant-shorts-401993.jpg?v=1611242358']","₹4,630","Our artisans craft each piece, exclusively for you. Being handcrafted, every garment is unique. We have an array of size and style options in shorts. We offer tall women's shorts and women's petite shorts. Scroll through our range of best plus size shorts."
White Short Crinkled Cotton Shorts  ,"['//cdn.shopify.com/s/files/1/0534/2501/2925/products/white-short-crinkled-cotton-shorts-short-shorts-679340.jpg?v=1625993784', '//cdn.shopify.com/s/files/1/0534/2501/2925/products/white-short-crinkled-cotton-shorts-short-shorts-166598.jpg?v=1625993784', '//cdn.shopify.com/s/files/1/0534/2501/2925/products/white-short-crinkled-cotton-shorts-short-shorts-268133.jpg?v=1625993784', '//cdn.shopify.com/s/files/1/0534/2501/2925/products/white-short-crinkled-cotton-shorts-short-shorts-244886.jpg?v=1625993784', '//cdn.shopify.com/s/files/1/0534/2501/2925/products/white-short-crinkled-cotton-shorts-short-shorts-892179.jpg?v=1625993784', '//cdn.shopify.com/s/files/1/0534/2501/2925/products/white-short-crinkled-cotton-shorts-short-shorts-577404.jpg?v=1625993784', '//cdn.shopify.com/s/files/1/0534/2501/2925/products/white-short-crinkled-cotton-shorts-short-shorts-717647.jpg?v=1625993784']","₹4,000","Airy and soft, these crinkled cotton shorts are sure to become your favorite this summer. With slash pockets to slide in your essentials, these short shorts feature half elasticated waist for a comfortable fit. Strike a pose at the beach in these shorts styles with a white top and flip-flops.Our artisans craft each piece, exclusively for you. Being handcrafted, every garment is unique. "
Blue Sanganeri Print Floral Short Shorts  ,"['//cdn.shopify.com/s/files/1/0534/2501/2925/products/blue-sanganeri-print-floral-short-shorts-short-shorts-390135.jpg?v=1625849045', '//cdn.shopify.com/s/files/1/0534/2501/2925/products/blue-sanganeri-print-floral-short-shorts-short-shorts-771677.jpg?v=1625849045', '//cdn.shopify.com/s/files/1/0534/2501/2925/products/blue-sanganeri-print-floral-short-shorts-short-shorts-264892.jpg?v=1625849045', '//cdn.shopify.com/s/files/1/0534/2501/2925/products/blue-sanganeri-print-floral-short-shorts-short-shorts-369121.jpg?v=1625849045', '//cdn.shopify.com/s/files/1/0534/2501/2925/products/blue-sanganeri-print-floral-short-shorts-short-shorts-868659.jpg?v=1625849045']","₹2,730","A hotter day needs shorter shorts. Our short shorts have a pretty Sanganeri floral print with slash pockets and tasseled drawstrings. Pair it with a pink or blue crop top and take it to the beach or brunch.Our artisans craft each piece, exclusively for you. Being handcrafted, every garment is unique. "
Mint Green Handspun Mid-Rise Shorts  ,"['//cdn.shopify.com/s/files/1/0534/2501/2925/products/mint-green-handspun-mid-rise-shorts-short-shorts-849884.jpg?v=1626080718', '//cdn.shopify.com/s/files/1/0534/2501/2925/products/mint-green-handspun-mid-rise-shorts-short-shorts-881441.jpg?v=1626080718', '//cdn.shopify.com/s/files/1/0534/2501/2925/products/mint-green-handspun-mid-rise-shorts-short-shorts-572218.jpg?v=1626080718', '//cdn.shopify.com/s/files/1/0534/2501/2925/products/mint-green-handspun-mid-rise-shorts-short-shorts-234023.jpg?v=1626080718', '//cdn.shopify.com/s/files/1/0534/2501/2925/products/mint-green-handspun-mid-rise-shorts-short-shorts-587743.jpg?v=1626080718', '//cdn.shopify.com/s/files/1/0534/2501/2925/products/mint-green-handspun-mid-rise-shorts-short-shorts-321814.jpg?v=1626080718']","₹3,570","Our artisans craft each piece, exclusively for you. Being handcrafted, every garment is unique. We have an array of size and style options in shorts. We offer tall women's shorts and women's petite shorts. Scroll through our range of best plus size shorts."
Brick Red Vegetable Dyed Handspun Short Shorts  ,"['//cdn.shopify.com/s/files/1/0534/2501/2925/products/brick-red-vegetable-dyed-handspun-short-shorts-short-shorts-663628.jpg?v=1626188524', '//cdn.shopify.com/s/files/1/0534/2501/2925/products/brick-red-vegetable-dyed-handspun-short-shorts-short-shorts-577627.jpg?v=1626188524', '//cdn.shopify.com/s/files/1/0534/2501/2925/products/brick-red-vegetable-dyed-handspun-short-shorts-short-shorts-578294.jpg?v=1626188524', '//cdn.shopify.com/s/files/1/0534/2501/2925/products/brick-red-vegetable-dyed-handspun-short-shorts-short-shorts-461294.jpg?v=1626188524', '//cdn.shopify.com/s/files/1/0534/2501/2925/products/brick-red-vegetable-dyed-handspun-short-shorts-short-shorts-392414.jpg?v=1626188524', '//cdn.shopify.com/s/files/1/0534/2501/2925/products/brick-red-vegetable-dyed-handspun-short-shorts-short-shorts-354640.jpg?v=1626188524']","₹4,660","Our artisans craft each piece, exclusively for you. Being handcrafted, every garment is unique. We have an array of size and style options in shorts. We offer tall women's shorts and women's petite shorts. Scroll through our range of best plus size shorts."
Beige Solid Cotton Short Shorts  ,"['//cdn.shopify.com/s/files/1/0534/2501/2925/products/beige-solid-cotton-short-shorts-short-shorts-131671.jpg?v=1611250601', '//cdn.shopify.com/s/files/1/0534/2501/2925/products/beige-solid-cotton-short-shorts-short-shorts-521202.jpg?v=1611250601', '//cdn.shopify.com/s/files/1/0534/2501/2925/products/beige-solid-cotton-short-shorts-short-shorts-114410.jpg?v=1611250601', '//cdn.shopify.com/s/files/1/0534/2501/2925/products/beige-solid-cotton-short-shorts-short-shorts-535108.jpg?v=1611250601', '//cdn.shopify.com/s/files/1/0534/2501/2925/products/beige-solid-cotton-short-shorts-short-shorts-786730.jpg?v=1611250601']","₹2,460","Our artisans craft each piece, exclusively for you. Being handcrafted, every garment is unique. We have an array of size and style options in shorts. We offer tall women's shorts and women's petite shorts. Scroll through our range of best plus size shorts."
Olive Green Cotton Straight Shorts  ,"['//cdn.shopify.com/s/files/1/0534/2501/2925/products/olive-green-cotton-straight-shorts-straight-shorts-148624.jpg?v=1611242437', '//cdn.shopify.com/s/files/1/0534/2501/2925/products/olive-green-cotton-straight-shorts-straight-shorts-974322.jpg?v=1611242437', '//cdn.shopify.com/s/files/1/0534/2501/2925/products/olive-green-cotton-straight-shorts-straight-shorts-403116.jpg?v=1611242437', '//cdn.shopify.com/s/files/1/0534/2501/2925/products/olive-green-cotton-straight-shorts-straight-shorts-685767.jpg?v=1611242437', '//cdn.shopify.com/s/files/1/0534/2501/2925/products/olive-green-cotton-straight-shorts-straight-shorts-553617.jpg?v=1611242437']","₹1,880","Our artisans craft each piece, exclusively for you. Being handcrafted, every garment is unique. We have an array of size and style options in shorts. We offer tall women's shorts and women's petite shorts. Scroll through our range of best plus size shorts."
Teal Blue Low Rise Short Cotton Shorts  ,"['//cdn.shopify.com/s/files/1/0534/2501/2925/products/JNPR3311_139c52a6-d380-4451-9b09-d65833ae47ac.jpg?v=1640770756', '//cdn.shopify.com/s/files/1/0534/2501/2925/products/JNPR3308_d0042ac0-8751-43a7-ac51-f538ba625d06.jpg?v=1640770769', '//cdn.shopify.com/s/files/1/0534/2501/2925/products/JNPR3301_98320ddb-c017-4b0b-b3bb-60053f5572ff.jpg?v=1640770769', '//cdn.shopify.com/s/files/1/0534/2501/2925/products/JNPR3316_9952abf8-9c5a-4bed-be5f-6e4d3f3cf79a.jpg?v=1640770769', '//cdn.shopify.com/s/files/1/0534/2501/2925/products/JNPR3304_a76078cd-90b4-42f5-b9ea-91b50c182a50.jpg?v=1640770769']","₹3,140","Take a break from your busy life, and relax in our cool and breezy short shorts. Made from100% cotton, it features half elasticated waist for effortless wearing, and slash pockets for added functionality. It comes complete with sea-shell buttons and a drawstring at the waist. Take it out on a sunny day styled with a white camisole and slide sandals for a walk along the beach.Our artisans craft each piece, exclusively for you. Being handcrafted, every garment is unique. "
Striped Mobile Pocket Bagru Short Shorts  ,"['//cdn.shopify.com/s/files/1/0534/2501/2925/products/striped-mobile-pocket-short-shorts-short-shorts-367433.jpg?v=1626171990', '//cdn.shopify.com/s/files/1/0534/2501/2925/products/striped-mobile-pocket-short-shorts-short-shorts-511714.jpg?v=1626171990', '//cdn.shopify.com/s/files/1/0534/2501/2925/products/striped-mobile-pocket-short-shorts-short-shorts-997255.jpg?v=1626171990', '//cdn.shopify.com/s/files/1/0534/2501/2925/products/striped-mobile-pocket-short-shorts-short-shorts-429509.jpg?v=1626171990', '//cdn.shopify.com/s/files/1/0534/2501/2925/products/striped-mobile-pocket-short-shorts-short-shorts-306455.jpg?v=1626171990']","₹3,010","A cute pair of striped short shorts made of breathable cotton, printed in natural Bagru print, and has slant pockets with additional mobile pockets. What is more snug and cute? Pair it with a black crop top, and head out for a brunch or the beach!Our artisans craft each piece, exclusively for you. Being handcrafted, every garment is unique. "
Rust Vegetable Dyed Handspun Short Shorts  ,"['//cdn.shopify.com/s/files/1/0534/2501/2925/products/rust-vegetable-dyed-handspun-short-shorts-short-shorts-117885.jpg?v=1626282778', '//cdn.shopify.com/s/files/1/0534/2501/2925/products/rust-vegetable-dyed-handspun-short-shorts-short-shorts-529557.jpg?v=1626282778', '//cdn.shopify.com/s/files/1/0534/2501/2925/products/rust-vegetable-dyed-handspun-short-shorts-short-shorts-544971.jpg?v=1626282778', '//cdn.shopify.com/s/files/1/0534/2501/2925/products/rust-vegetable-dyed-handspun-short-shorts-short-shorts-357087.jpg?v=1626282778', '//cdn.shopify.com/s/files/1/0534/2501/2925/products/rust-vegetable-dyed-handspun-short-shorts-short-shorts-292549.jpg?v=1626282778', '//cdn.shopify.com/s/files/1/0534/2501/2925/products/rust-vegetable-dyed-handspun-short-shorts-short-shorts-541891.jpg?v=1626282778']","₹4,660","Our artisans craft each piece, exclusively for you. Being handcrafted, every garment is unique. We have an array of size and style options in shorts. We offer tall women's shorts and women's petite shorts. Scroll through our range of best plus size shorts."
Beige Mid-Rise Cotton Straight Shorts  ,"['//cdn.shopify.com/s/files/1/0534/2501/2925/products/beige-mid-rise-cotton-straight-shorts-straight-shorts-665511.jpg?v=1611242420', '//cdn.shopify.com/s/files/1/0534/2501/2925/products/beige-mid-rise-cotton-straight-shorts-straight-shorts-112654.jpg?v=1611242420', '//cdn.shopify.com/s/files/1/0534/2501/2925/products/beige-mid-rise-cotton-straight-shorts-straight-shorts-691123.jpg?v=1611242420', '//cdn.shopify.com/s/files/1/0534/2501/2925/products/beige-mid-rise-cotton-straight-shorts-straight-shorts-493265.jpg?v=1611242420']","₹1,880","Our artisans craft each piece, exclusively for you. Being handcrafted, every garment is unique. We have an array of size and style options in shorts. We offer tall women's shorts and women's petite shorts. Scroll through our range of best plus size shorts."
Powder Blue Vegetable Dyed Handspun Short Shorts  ,"['//cdn.shopify.com/s/files/1/0534/2501/2925/products/powder-blue-vegetable-dyed-handspun-short-shorts-short-shorts-323649.jpg?v=1626282234', '//cdn.shopify.com/s/files/1/0534/2501/2925/products/powder-blue-vegetable-dyed-handspun-short-shorts-short-shorts-832460.jpg?v=1626282234', '//cdn.shopify.com/s/files/1/0534/2501/2925/products/powder-blue-vegetable-dyed-handspun-short-shorts-short-shorts-569170.jpg?v=1626282234', '//cdn.shopify.com/s/files/1/0534/2501/2925/products/powder-blue-vegetable-dyed-handspun-short-shorts-short-shorts-380090.jpg?v=1626282234', '//cdn.shopify.com/s/files/1/0534/2501/2925/products/powder-blue-vegetable-dyed-handspun-short-shorts-short-shorts-515609.jpg?v=1626282234', '//cdn.shopify.com/s/files/1/0534/2501/2925/products/powder-blue-vegetable-dyed-handspun-short-shorts-short-shorts-276819.jpg?v=1626282234']","₹4,660","Our artisans craft each piece, exclusively for you. Being handcrafted, every garment is unique. We have an array of size and style options in shorts. We offer tall women's shorts and women's petite shorts. Scroll through our range of best plus size shorts."
Teal Mid-Rise Cotton Straight Shorts  ,"['//cdn.shopify.com/s/files/1/0534/2501/2925/products/IMG_2137.jpg?v=1640772528', '//cdn.shopify.com/s/files/1/0534/2501/2925/products/IMG_2136.jpg?v=1640772528', '//cdn.shopify.com/s/files/1/0534/2501/2925/products/IMG_2133.jpg?v=1640772528', '//cdn.shopify.com/s/files/1/0534/2501/2925/products/IMG_2142.jpg?v=1640772528', '//cdn.shopify.com/s/files/1/0534/2501/2925/products/IMG_2141.jpg?v=1640772520']","₹1,880","Our artisans craft each piece, exclusively for you. Being handcrafted, every garment is unique. We have an array of size and style options in shorts. We offer tall women's shorts and women's petite shorts. Scroll through our range of best plus size shorts."
White Mid Rise Paisley Short Shorts  ,"['//cdn.shopify.com/s/files/1/0534/2501/2925/products/white-handblock-printed-paisley-short-shorts-short-shorts-799175.jpg?v=1626371001', '//cdn.shopify.com/s/files/1/0534/2501/2925/products/white-handblock-printed-paisley-short-shorts-short-shorts-554380.jpg?v=1626371001', '//cdn.shopify.com/s/files/1/0534/2501/2925/products/white-handblock-printed-paisley-short-shorts-short-shorts-425966.jpg?v=1626371001', '//cdn.shopify.com/s/files/1/0534/2501/2925/products/white-handblock-printed-paisley-short-shorts-short-shorts-622898.jpg?v=1626371001', '//cdn.shopify.com/s/files/1/0534/2501/2925/products/white-handblock-printed-paisley-short-shorts-short-shorts-684463.jpg?v=1626371001']","₹3,800","Heading out to the beach? This summer stroll in style with our short shorts. With banded waist and inseam pockets, this is the most versatile a pair of shorts can get. It is made from 100% cotton, and features hand-block printed paisleys. Style it with a pink crop top to strike a pose wherever you go.Our artisans craft each piece, exclusively for you. Being handcrafted, every garment is unique. "
Mint Green Cotton Chambray Shorts  ,"['//cdn.shopify.com/s/files/1/0534/2501/2925/products/mint-green-cotton-chambray-short-shorts-short-shorts-179758.jpg?v=1626280045', '//cdn.shopify.com/s/files/1/0534/2501/2925/products/mint-green-cotton-chambray-short-shorts-short-shorts-310386.jpg?v=1626280045', '//cdn.shopify.com/s/files/1/0534/2501/2925/products/mint-green-cotton-chambray-short-shorts-short-shorts-632889.jpg?v=1626280045', '//cdn.shopify.com/s/files/1/0534/2501/2925/products/mint-green-cotton-chambray-short-shorts-short-shorts-532215.jpg?v=1626280045', '//cdn.shopify.com/s/files/1/0534/2501/2925/products/mint-green-cotton-chambray-short-shorts-short-shorts-981076.jpg?v=1626280045', '//cdn.shopify.com/s/files/1/0534/2501/2925/products/mint-green-cotton-chambray-short-shorts-short-shorts-542178.jpg?v=1626280045']","₹3,200","Nothing's better than a pair of mint green shorts on a hot sunny day. Made from 100% cotton chambray, it is soft, breezy, and comfortable to wear. It features a half elasticated waist for a snug fit and inseam pockets to carry your stuff. These gathered shorts can be perfectly paired with a blue top and slide sandals.Our artisans craft each piece, exclusively for you. Being handcrafted, every garment is unique. "
Powder Pink Handspun Mid Rise Shorts  ,"['//cdn.shopify.com/s/files/1/0534/2501/2925/products/powder-pink-handspun-paneled-shorts-paneled-shorts-609353.jpg?v=1626282304', '//cdn.shopify.com/s/files/1/0534/2501/2925/products/powder-pink-handspun-paneled-shorts-paneled-shorts-274630.jpg?v=1626282304', '//cdn.shopify.com/s/files/1/0534/2501/2925/products/powder-pink-handspun-paneled-shorts-paneled-shorts-267122.jpg?v=1626282304', '//cdn.shopify.com/s/files/1/0534/2501/2925/products/powder-pink-handspun-paneled-shorts-paneled-shorts-778319.jpg?v=1626282304', '//cdn.shopify.com/s/files/1/0534/2501/2925/products/powder-pink-handspun-paneled-shorts-paneled-shorts-957734.jpg?v=1626282304']","₹4,450","Perfect for a Sunday brunch, these paneled shorts are a blend of comfy and chic. Made from Azo-Free dyed 100% cotton, it features slash pockets for all your essentials. These micro-length shorts come complete with a fully elasticated waist for a snug fit. Style it with an off-white camisole and flip-ons, and be sure to get noticed.Our artisans craft each piece, exclusively for you. Being handcrafted, every garment is unique. "
Aqua Blue Hand Tie Dyed Short Shorts  ,"['//cdn.shopify.com/s/files/1/0534/2501/2925/products/aqua-blue-tie-dye-short-shorts-short-shorts-411870.jpg?v=1626187030', '//cdn.shopify.com/s/files/1/0534/2501/2925/products/aqua-blue-tie-dye-short-shorts-short-shorts-570714.jpg?v=1626187030', '//cdn.shopify.com/s/files/1/0534/2501/2925/products/aqua-blue-tie-dye-short-shorts-short-shorts-751966.jpg?v=1626187030', '//cdn.shopify.com/s/files/1/0534/2501/2925/products/aqua-blue-tie-dye-short-shorts-short-shorts-718582.jpg?v=1626187030', '//cdn.shopify.com/s/files/1/0534/2501/2925/products/aqua-blue-tie-dye-short-shorts-short-shorts-521735.jpg?v=1626187030', '//cdn.shopify.com/s/files/1/0534/2501/2925/products/aqua-blue-tie-dye-short-shorts-short-shorts-238076.jpg?v=1626187030', '//cdn.shopify.com/s/files/1/0534/2501/2925/products/aqua-blue-tie-dye-short-shorts-short-shorts-184257.jpg?v=1626187030']","₹3,390","Comfy and light, these hand Tie Dyed shorts are perfect for anyone who enjoys a breakfast by the waves. It is made from 100% cotton, with elasticated waist for the ease of wearing and patch pockets to carry your stuff. Get out in the sun wearing these shorts with a white spaghetti top and slide sandals.Our artisans craft each piece, exclusively for you. Being handcrafted, every garment is unique. "
Warm Dusk Beige Cotton Flannel Shorts  ,"['//cdn.shopify.com/s/files/1/0534/2501/2925/products/warm-dusk-beige-cotton-flannel-shorts-short-shorts-198205.jpg?v=1626083754', '//cdn.shopify.com/s/files/1/0534/2501/2925/products/warm-dusk-beige-cotton-flannel-shorts-short-shorts-293835.jpg?v=1626083754', '//cdn.shopify.com/s/files/1/0534/2501/2925/products/warm-dusk-beige-cotton-flannel-shorts-short-shorts-925155.jpg?v=1626083754', '//cdn.shopify.com/s/files/1/0534/2501/2925/products/warm-dusk-beige-cotton-flannel-shorts-short-shorts-145757.jpg?v=1626083754', '//cdn.shopify.com/s/files/1/0534/2501/2925/products/warm-dusk-beige-cotton-flannel-shorts-short-shorts-113220.jpg?v=1626083754']","₹3,390","Our artisans craft each piece, exclusively for you. Being handcrafted, every garment is unique. We have an array of size and style options in shorts. We offer tall women's shorts and women's petite shorts. Scroll through our range of best plus size shorts."
Pink Flannel Convertible Pant Shorts  ,"['//cdn.shopify.com/s/files/1/0534/2501/2925/products/convertible-pink-flannel-pant-shorts-straight-shorts-594018.jpg?v=1625989303', '//cdn.shopify.com/s/files/1/0534/2501/2925/products/convertible-pink-flannel-pant-shorts-straight-shorts-350128.jpg?v=1625989303', '//cdn.shopify.com/s/files/1/0534/2501/2925/products/convertible-pink-flannel-pant-shorts-straight-shorts-534875.jpg?v=1625989303', '//cdn.shopify.com/s/files/1/0534/2501/2925/products/convertible-pink-flannel-pant-shorts-straight-shorts-953105.jpg?v=1625989309', '//cdn.shopify.com/s/files/1/0534/2501/2925/products/convertible-pink-flannel-pant-shorts-straight-shorts-491116.jpg?v=1625989303', '//cdn.shopify.com/s/files/1/0534/2501/2925/products/convertible-pink-flannel-pant-shorts-straight-shorts-111323.jpg?v=1625989303', '//cdn.shopify.com/s/files/1/0534/2501/2925/products/convertible-pink-flannel-pant-shorts-straight-shorts-179966.jpg?v=1625989303', '//cdn.shopify.com/s/files/1/0534/2501/2925/products/convertible-pink-flannel-pant-shorts-straight-shorts-300373.jpg?v=1625989303', '//cdn.shopify.com/s/files/1/0534/2501/2925/products/convertible-pink-flannel-pant-shorts-straight-shorts-232445.jpg?v=1625989303', '//cdn.shopify.com/s/files/1/0534/2501/2925/products/convertible-pink-flannel-pant-shorts-straight-shorts-443566.jpg?v=1625989303', '//cdn.shopify.com/s/files/1/0534/2501/2925/products/convertible-pink-flannel-pant-shorts-straight-shorts-800316.jpg?v=1625989309', '//cdn.shopify.com/s/files/1/0534/2501/2925/products/convertible-pink-flannel-pant-shorts-straight-shorts-868160.jpg?v=1625989309', '//cdn.shopify.com/s/files/1/0534/2501/2925/products/convertible-pink-flannel-pant-shorts-straight-shorts-535055.jpg?v=1625989303']","₹4,630","A utilitarian's dream, these Convertible 100% Cotton Flannel Pant Shorts are a wardrobe staple. For days when you want your legs to breathe, you can wear them as shorts. When the mercury dips, just attach the lower part using the buttoned lining. This convertible looks fabulous as shorts, as well as a pant. It comes with 2 pockets for your hands to rest.
Wear it with a crop top and espadrilles and look fantastic.Our artisans craft each piece, exclusively for you. Being handcrafted, every garment is unique. "
Sky Blue Handspun Cozy Bermuda Shorts  ,"['//cdn.shopify.com/s/files/1/0534/2501/2925/products/4L4A4636.jpg?v=1637644614', '//cdn.shopify.com/s/files/1/0534/2501/2925/products/4L4A4640.jpg?v=1637644614', '//cdn.shopify.com/s/files/1/0534/2501/2925/products/4L4A4629.jpg?v=1637644614', '//cdn.shopify.com/s/files/1/0534/2501/2925/products/4L4A4635.jpg?v=1637644614', '//cdn.shopify.com/s/files/1/0534/2501/2925/products/4L4A4632.jpg?v=1637644611', '//cdn.shopify.com/s/files/1/0534/2501/2925/products/4L4A4637.jpg?v=1637644600']","₹4,300","Designed in a contemporary silhouette, these breezy Bermuda shorts are perfect for a lazy day. With a drawstring at the waist for a snug fit, these come with subtle detailing of sea-shell buttons. Complete with 2 large inseam pockets for resting your hands (and your stuff), they go well with a pair of white slide sandals.Our artisans craft each piece, exclusively for you. Being handcrafted, every garment is unique. "
Olive Green Solid Cotton Short Shorts  ,"['//cdn.shopify.com/s/files/1/0534/2501/2925/products/olive-green-cotton-flax-short-shorts-short-shorts-451621.jpg?v=1625847458', '//cdn.shopify.com/s/files/1/0534/2501/2925/products/olive-green-cotton-flax-short-shorts-short-shorts-974059.jpg?v=1625847458', '//cdn.shopify.com/s/files/1/0534/2501/2925/products/olive-green-cotton-flax-short-shorts-short-shorts-621023.jpg?v=1625847458', '//cdn.shopify.com/s/files/1/0534/2501/2925/products/olive-green-cotton-flax-short-shorts-short-shorts-740813.jpg?v=1625847458', '//cdn.shopify.com/s/files/1/0534/2501/2925/products/olive-green-cotton-flax-short-shorts-short-shorts-526123.jpg?v=1625847458']","₹2,470","A casual getaway, or a sunny day by the beach, these shorts fit every occasion perfectly. Made from soft and breathable cotton flax, they come with the statement mobile pocket to keep your phone safe. All you need more is a pair of slip-ons and glasses to rock your beach game.Our artisans craft each piece, exclusively for you. Being handcrafted, every garment is unique. "
White Crinkled Cotton Frilled Shorts  ,"['//cdn.shopify.com/s/files/1/0534/2501/2925/products/frilled-short-shorts-short-short-801486.jpg?v=1625850974', '//cdn.shopify.com/s/files/1/0534/2501/2925/products/frilled-short-shorts-short-short-788036.jpg?v=1625850974', '//cdn.shopify.com/s/files/1/0534/2501/2925/products/frilled-short-shorts-short-shorts-689966.jpg?v=1625850975', '//cdn.shopify.com/s/files/1/0534/2501/2925/products/frilled-short-shorts-short-short-386538.jpg?v=1625850974', '//cdn.shopify.com/s/files/1/0534/2501/2925/products/frilled-short-shorts-short-short-773334.jpg?v=1625850974']","₹3,560","A skirt in disguise, it is a light, relaxed, and frilled shorts that is most comfy for a summer outing. Pair it with a white crop top and flip-flops, and you're summer-ready!Our artisans craft each piece, exclusively for you. Being handcrafted, every garment is unique. "
Sage Green Cotton Corduroy Baggy Shorts  ,"['//cdn.shopify.com/s/files/1/0534/2501/2925/products/sage-green-cotton-corduroy-baggy-shorts-baggy-shorts-273010.jpg?v=1625844335', '//cdn.shopify.com/s/files/1/0534/2501/2925/products/sage-green-cotton-corduroy-baggy-shorts-baggy-shorts-734767.jpg?v=1625844335', '//cdn.shopify.com/s/files/1/0534/2501/2925/products/sage-green-cotton-corduroy-baggy-shorts-baggy-shorts-353930.jpg?v=1625844335', '//cdn.shopify.com/s/files/1/0534/2501/2925/products/sage-green-cotton-corduroy-baggy-shorts-baggy-shorts-623506.jpg?v=1625844335', '//cdn.shopify.com/s/files/1/0534/2501/2925/products/sage-green-cotton-corduroy-baggy-shorts-baggy-shorts-769585.jpg?v=1625844335', '//cdn.shopify.com/s/files/1/0534/2501/2925/products/sage-green-cotton-corduroy-baggy-shorts-baggy-shorts-191176.jpg?v=1625844335', '//cdn.shopify.com/s/files/1/0534/2501/2925/products/sage-green-cotton-corduroy-baggy-shorts-baggy-shorts-706707.jpg?v=1625844335']","₹3,200","Our artisans craft each piece, exclusively for you. Being handcrafted, every garment is unique.This product can also be worn as a maternity outfit. "
Red Solid Cotton Short Shorts  ,"['//cdn.shopify.com/s/files/1/0534/2501/2925/products/red-solid-cotton-short-shorts-short-shorts-467892.jpg?v=1611250620', '//cdn.shopify.com/s/files/1/0534/2501/2925/products/red-solid-cotton-short-shorts-short-shorts-349011.jpg?v=1611250620', '//cdn.shopify.com/s/files/1/0534/2501/2925/products/red-solid-cotton-short-shorts-short-shorts-775353.jpg?v=1611250620', '//cdn.shopify.com/s/files/1/0534/2501/2925/products/red-solid-cotton-short-shorts-short-shorts-704787.jpg?v=1611250620', '//cdn.shopify.com/s/files/1/0534/2501/2925/products/red-solid-cotton-short-shorts-short-shorts-272345.jpg?v=1611250620']","₹2,460","Our artisans craft each piece, exclusively for you. Being handcrafted, every garment is unique. We have an array of size and style options in shorts. We offer tall women's shorts and women's petite shorts. Scroll through our range of best plus size shorts."
Striped Handwoven Flared Godet Shorts  ,"['//cdn.shopify.com/s/files/1/0534/2501/2925/products/striped-handwoven-flared-godet-shorts-godet-shorts-538822.jpg?v=1625990161', '//cdn.shopify.com/s/files/1/0534/2501/2925/products/striped-handwoven-flared-godet-shorts-godet-shorts-546514.jpg?v=1625990161', '//cdn.shopify.com/s/files/1/0534/2501/2925/products/striped-handwoven-flared-godet-shorts-godet-shorts-698573.jpg?v=1625990161', '//cdn.shopify.com/s/files/1/0534/2501/2925/products/striped-handwoven-flared-godet-shorts-godet-shorts-662355.jpg?v=1625990161', '//cdn.shopify.com/s/files/1/0534/2501/2925/products/striped-handwoven-flared-godet-shorts-godet-shorts-178092.jpg?v=1625990161', '//cdn.shopify.com/s/files/1/0534/2501/2925/products/striped-handwoven-flared-godet-shorts-godet-shorts-621927.jpg?v=1625990161']","₹4,180","Mustards are a must-have for a day-time wardrobe. More so, when you get them as cute flared shorts. Made from 100% cotton these godet shorts are designed with a bandless waist for a smooth silhouette. It comes with inseam pockets for all your stuff and a concealed zip on the left for a snug fit. Style it with a pair of gladiators and your favorite white top to look effortless from sunrise to sunset.Our artisans craft each piece, exclusively for you. Being handcrafted, every garment is unique. "
Beige Kalamkari Comfort Fit Shorts  ,"['//cdn.shopify.com/s/files/1/0534/2501/2925/products/beige-kalamkari-curved-hem-shorts-curved-hem-shorts-967022.jpg?v=1625847178', '//cdn.shopify.com/s/files/1/0534/2501/2925/products/beige-kalamkari-curved-hem-shorts-curved-hem-shorts-541711.jpg?v=1625847179', '//cdn.shopify.com/s/files/1/0534/2501/2925/products/beige-kalamkari-curved-hem-shorts-curved-hem-shorts-160100.jpg?v=1625847178', '//cdn.shopify.com/s/files/1/0534/2501/2925/products/beige-kalamkari-curved-hem-shorts-curved-hem-shorts-205281.jpg?v=1625847178', '//cdn.shopify.com/s/files/1/0534/2501/2925/products/beige-kalamkari-curved-hem-shorts-curved-hem-shorts-175263.jpg?v=1625847178', '//cdn.shopify.com/s/files/1/0534/2501/2925/products/beige-kalamkari-curved-hem-shorts-curved-hem-shorts-919646.jpg?v=1625847179']","₹2,630","These Kalamkari 100% Cotton Shorts are a classic you need to have in your wardrobe. Featuring a beautiful floral pattern, these shorts come with a half-elasticated waist. The curved hem adds to its looks while the 2 inseam pockets let you carry your essentials.Wear it with a flared top and slide sandals for a breezy look.Our artisans craft each piece, exclusively for you. Being handcrafted, every garment is unique. "
Orange Handspun Mirror Work Shorts  ,"['//cdn.shopify.com/s/files/1/0534/2501/2925/products/orange-handspun-mirror-work-shorts-straight-shorts-526328.jpg?v=1625849349', '//cdn.shopify.com/s/files/1/0534/2501/2925/products/orange-handspun-mirror-work-shorts-straight-shorts-733057.jpg?v=1625849349', '//cdn.shopify.com/s/files/1/0534/2501/2925/products/orange-handspun-mirror-work-shorts-straight-shorts-767842.jpg?v=1625849349', '//cdn.shopify.com/s/files/1/0534/2501/2925/products/orange-handspun-mirror-work-shorts-straight-shorts-888758.jpg?v=1625849349', '//cdn.shopify.com/s/files/1/0534/2501/2925/products/orange-handspun-mirror-work-shorts-straight-shorts-904666.jpg?v=1625849349']","₹3,040","Amp up your wardrobe with these classic Handspun 100% Cotton Shorts. Featuring hand mirror work on the front, these shorts come with a half-elasticated waist. The shorts have with 2 inseam pockets and an exposed zip at front.Pair it with a flared camisole top and espadrilles for a chic look.Our artisans craft each piece, exclusively for you. Being handcrafted, every garment is unique. "
Teal Blue Comfort Fit Short Shorts  ,"['//cdn.shopify.com/s/files/1/0534/2501/2925/products/teal-blue-comfort-fit-short-shorts-short-shorts-596694.jpg?v=1611244484', '//cdn.shopify.com/s/files/1/0534/2501/2925/products/teal-blue-comfort-fit-short-shorts-short-shorts-293275.jpg?v=1611244484', '//cdn.shopify.com/s/files/1/0534/2501/2925/products/teal-blue-comfort-fit-short-shorts-short-shorts-778495.jpg?v=1611244484', '//cdn.shopify.com/s/files/1/0534/2501/2925/products/teal-blue-comfort-fit-short-shorts-short-shorts-806010.jpg?v=1611244484', '//cdn.shopify.com/s/files/1/0534/2501/2925/products/teal-blue-comfort-fit-short-shorts-short-shorts-111204.jpg?v=1611244484']","₹1,900","Our artisans craft each piece, exclusively for you. Being handcrafted, every garment is unique. We have an array of size and style options in shorts. We offer tall women's shorts and women's petite shorts. Scroll through our range of best plus size shorts."
Breezy Handspun Cotton Checks Shorts  ,"['//cdn.shopify.com/s/files/1/0534/2501/2925/products/breezy-handspun-short-shorts-short-shorts-232614.jpg?v=1626172136', '//cdn.shopify.com/s/files/1/0534/2501/2925/products/breezy-handspun-short-shorts-short-shorts-555500.jpg?v=1626172136', '//cdn.shopify.com/s/files/1/0534/2501/2925/products/breezy-handspun-short-shorts-short-shorts-464794.jpg?v=1626172136', '//cdn.shopify.com/s/files/1/0534/2501/2925/products/breezy-handspun-short-shorts-short-shorts-582325.jpg?v=1626172136', '//cdn.shopify.com/s/files/1/0534/2501/2925/products/breezy-handspun-short-shorts-short-shorts-254477.jpg?v=1626172136']","₹3,200","Heading out to the beach? This summer stroll in style with our short shorts. With fully elasticated waist and patch pockets, this is the most versatile a pair of shorts can get. Strike a pose with your favorite t-shirt tucked in these shorts with bottle green slide sandals.Our artisans craft each piece, exclusively for you. Being handcrafted, every garment is unique. "
Breezy Off-White Striped Mid-Rise Shorts  ,"['//cdn.shopify.com/s/files/1/0534/2501/2925/products/breezy-off-white-striped-mid-rise-shorts-short-shorts-337767.jpg?v=1611242488', '//cdn.shopify.com/s/files/1/0534/2501/2925/products/breezy-off-white-striped-mid-rise-shorts-short-shorts-859021.jpg?v=1611242488', '//cdn.shopify.com/s/files/1/0534/2501/2925/products/breezy-off-white-striped-mid-rise-shorts-short-shorts-205108.jpg?v=1611242488', '//cdn.shopify.com/s/files/1/0534/2501/2925/products/breezy-off-white-striped-mid-rise-shorts-short-shorts-569563.jpg?v=1611242488', '//cdn.shopify.com/s/files/1/0534/2501/2925/products/breezy-off-white-striped-mid-rise-shorts-short-shorts-934231.jpg?v=1611242488']","₹2,620","Our artisans craft each piece, exclusively for you. Being handcrafted, every garment is unique. We have an array of size and style options in shorts. We offer tall women's shorts and women's petite shorts. Scroll through our range of best plus size shorts."
Musturd Gold Handspun 100% Cotton Short Shorts  ,"['//cdn.shopify.com/s/files/1/0534/2501/2925/products/musturd-gold-100-cotton-khadi-short-shorts-short-shorts-407890.jpg?v=1630997461', '//cdn.shopify.com/s/files/1/0534/2501/2925/products/musturd-gold-100-cotton-khadi-short-shorts-short-shorts-677556.jpg?v=1630997461', '//cdn.shopify.com/s/files/1/0534/2501/2925/products/musturd-gold-100-cotton-khadi-short-shorts-short-shorts-160852.jpg?v=1630997461', '//cdn.shopify.com/s/files/1/0534/2501/2925/products/musturd-gold-100-cotton-khadi-short-shorts-short-shorts-903652.jpg?v=1630997461', '//cdn.shopify.com/s/files/1/0534/2501/2925/products/musturd-gold-100-cotton-khadi-short-shorts-short-shorts-391490.jpg?v=1630997462']","₹2,520","Our artisans craft each piece, exclusively for you. Being handcrafted, every garment is unique. We have an array of size and style options in shorts. We offer tall women's shorts and women's petite shorts. Scroll through our range of best plus size shorts."
Red Yarn Dyed Mid Rise Flared Shorts  ,"['//cdn.shopify.com/s/files/1/0534/2501/2925/products/red-yarn-dyed-cotton-pleated-shorts-pleated-shorts-935772.jpg?v=1625848592', '//cdn.shopify.com/s/files/1/0534/2501/2925/products/red-yarn-dyed-cotton-pleated-shorts-pleated-shorts-589634.jpg?v=1625848592', '//cdn.shopify.com/s/files/1/0534/2501/2925/products/red-yarn-dyed-cotton-pleated-shorts-pleated-shorts-300859.jpg?v=1625848592', '//cdn.shopify.com/s/files/1/0534/2501/2925/products/red-yarn-dyed-cotton-pleated-shorts-pleated-shorts-431036.jpg?v=1625848592']","₹4,210","The polka-dots are back, and we couldn't be happier. Made from yarn-dyed 100% cotton these pleated shorts feature half elasticated waist for the ease of wearing. It comes with inseam pockets for all your stuff and drawstring at the waist for a snug fit. Put on a pair of slide sandals and blue camisole to look effortless from AM to PM.Our artisans craft each piece, exclusively for you. Being handcrafted, every garment is unique. "
Vintage Plum Handspun 100% Cotton Short Shorts  ,"['//cdn.shopify.com/s/files/1/0534/2501/2925/products/vintage-plum-100-cotton-khadi-short-shorts-short-shorts-924665.jpg?v=1630997464', '//cdn.shopify.com/s/files/1/0534/2501/2925/products/vintage-plum-100-cotton-khadi-short-shorts-short-shorts-315436.jpg?v=1630997464', '//cdn.shopify.com/s/files/1/0534/2501/2925/products/vintage-plum-100-cotton-khadi-short-shorts-short-shorts-694209.jpg?v=1630997465', '//cdn.shopify.com/s/files/1/0534/2501/2925/products/vintage-plum-100-cotton-khadi-short-shorts-short-shorts-668443.jpg?v=1630997465', '//cdn.shopify.com/s/files/1/0534/2501/2925/products/vintage-plum-100-cotton-khadi-short-shorts-short-shorts-784411.jpg?v=1630997465', '//cdn.shopify.com/s/files/1/0534/2501/2925/products/vintage-plum-100-cotton-khadi-short-shorts-short-shorts-139867.jpg?v=1630997465']","₹2,520","Our artisans craft each piece, exclusively for you. Being handcrafted, every garment is unique. We have an array of size and style options in shorts. We offer tall women's shorts and women's petite shorts. Scroll through our range of best plus size shorts."
Navy Blue Striped Paneled Shorts  ,"['//cdn.shopify.com/s/files/1/0534/2501/2925/products/navy-blue-striped-paneled-shorts-paneled-shorts-861032.jpg?v=1611241305', '//cdn.shopify.com/s/files/1/0534/2501/2925/products/navy-blue-striped-paneled-shorts-paneled-shorts-643629.jpg?v=1611241305', '//cdn.shopify.com/s/files/1/0534/2501/2925/products/navy-blue-striped-paneled-shorts-paneled-shorts-446502.jpg?v=1611241305', '//cdn.shopify.com/s/files/1/0534/2501/2925/products/navy-blue-striped-paneled-shorts-paneled-shorts-340285.jpg?v=1611241305', '//cdn.shopify.com/s/files/1/0534/2501/2925/products/navy-blue-striped-paneled-shorts-paneled-shorts-653218.jpg?v=1611241305', '//cdn.shopify.com/s/files/1/0534/2501/2925/products/navy-blue-striped-paneled-shorts-paneled-shorts-919867.jpg?v=1611241305']","₹2,580","Our artisans craft each piece, exclusively for you. Being handcrafted, every garment is unique. We have an array of size and style options in shorts. We offer tall women's shorts and women's petite shorts. Scroll through our range of best plus size shorts."
Beige 100% Cotton Low-Rise Short Shorts  ,"['//cdn.shopify.com/s/files/1/0534/2501/2925/products/JNPR3304.jpg?v=1639981239', '//cdn.shopify.com/s/files/1/0534/2501/2925/products/JNPR3316.jpg?v=1639981246', '//cdn.shopify.com/s/files/1/0534/2501/2925/products/JNPR3301.jpg?v=1639981246', '//cdn.shopify.com/s/files/1/0534/2501/2925/products/JNPR3308.jpg?v=1639981246', '//cdn.shopify.com/s/files/1/0534/2501/2925/products/JNPR3311.jpg?v=1639981246']","₹3,130","Our artisans craft each piece, exclusively for you. Being handcrafted, every garment is unique. All products shown in this picture, apart from this Pant, are purely for Styling and Photography purposes. These will not be included in your order.We have a vast range of pants in women's petite sizes, along with tall women's clothing. We have an array of designer plus size pants for women."
Mint Green Tie and Dye Bermuda Shorts  ,"['//cdn.shopify.com/s/files/1/0534/2501/2925/products/mint-green-tie-dye-bermuda-shorts-bermuda-shorts-467772.jpg?v=1625990180', '//cdn.shopify.com/s/files/1/0534/2501/2925/products/mint-green-tie-dye-bermuda-shorts-bermuda-shorts-662673.jpg?v=1625990180', '//cdn.shopify.com/s/files/1/0534/2501/2925/products/mint-green-tie-dye-bermuda-shorts-bermuda-shorts-491595.jpg?v=1625990180', '//cdn.shopify.com/s/files/1/0534/2501/2925/products/mint-green-tie-dye-bermuda-shorts-bermuda-shorts-871514.jpg?v=1625990180', '//cdn.shopify.com/s/files/1/0534/2501/2925/products/mint-green-tie-dye-bermuda-shorts-bermuda-shorts-446455.jpg?v=1625990180', '//cdn.shopify.com/s/files/1/0534/2501/2925/products/mint-green-tie-dye-bermuda-shorts-bermuda-shorts-906073.jpg?v=1625990180', '//cdn.shopify.com/s/files/1/0534/2501/2925/products/mint-green-tie-dye-bermuda-shorts-bermuda-shorts-950368.jpg?v=1625990180']","₹2,970","Nothing's better than a pair of breezy Bermuda shorts on a hot sunny day. These loose-fit cotton shorts are a perfect blend of comfort and utility. The fully elasticated waist ensures a snug fit, while the inseam pockets are large enough to keep all your stuff. Take a break and lounge in these shorts styles with a white camisole and slide sandals.Our artisans craft each piece, exclusively for you. Being handcrafted, every garment is unique. "
Handspun Solid Red Casual Cotton Shorts  ,"['//cdn.shopify.com/s/files/1/0534/2501/2925/products/handspun-solid-red-casual-cotton-shorts-short-shorts-350110.jpg?v=1626191935', '//cdn.shopify.com/s/files/1/0534/2501/2925/products/handspun-solid-red-casual-cotton-shorts-short-shorts-484823.jpg?v=1626191935', '//cdn.shopify.com/s/files/1/0534/2501/2925/products/handspun-solid-red-casual-cotton-shorts-short-shorts-548788.jpg?v=1626191935', '//cdn.shopify.com/s/files/1/0534/2501/2925/products/handspun-solid-red-casual-cotton-shorts-short-shorts-734030.jpg?v=1626191935', '//cdn.shopify.com/s/files/1/0534/2501/2925/products/handspun-solid-red-casual-cotton-shorts-short-shorts-566447.jpg?v=1626191935']","₹3,100","Our artisans craft each piece, exclusively for you. Being handcrafted, every garment is unique. We have an array of size and style options in shorts. We offer tall women's shorts and women's petite shorts. Scroll through our range of best plus size shorts."
